row,name,birth_year,address,city,state,zip
1,Michelle Tate,1985,907 Richie Ave,Lima,OH,45805
2,Donna J Ritter,1963,Po Box 52,Carey,OH,43316
3,Aimee Wilson,1983,234 Ty Drive,Peebles,OH,45660
4,E Farmer,1969,185 N Main Street,Peebles,OH,45660
5,Juanita J Dettwiller,1959,20984 Sr 41,Peebles,OH,45660
6,D W Rutherford,,760 Mineral Springs Rd,Peebles,OH,45660
7,Joseph Devore,,555 Marble Furnace Rd,Peebles,OH,45660
8,B Garber,1993,737 Bentwood Ave,Lima,OH,45805
9,Brook Nordyke,,536 1/2 Grove St Po Box 271,Carey,OH,43316
10,Jeremy T Patterson,1975,2594 Pine Shore Dr,Lima,OH,45806
11,Steve Stepp,1951,13370 Sr 136,Winchester,OH,45697
12,Jeffrey Young,1998,16845 County Hwy 113,Harpster,OH,43323
13,C Mckinney,,,,,
14,Sarah Grooms,,,,,
15,Trudy Ratliff,,609 Elmwood Pl,Carey,OH,43316
16,Elizabeth Sparrow,1950,233 Ridge Crest Cir,Lima,OH,45801
17,Kathryn E Ulrich,,5265 N Defiance Trl,Delphos,OH,45833
18,William Diehl,1947,3090 Ft Amanda Rd,Lima,OH,45805
19,Brandon Norris,,135 Jackson St,Kirby,OH,43330
20,R Mullenix,1939,140 Bloom Drive,West Union,OH,45693
21,Thomas Goergens,,2112 N St Marys Road,Delphos,OH,45833
22,Charles R Morris,,781 Bailey Rd,Peebles,OH,45660
23,A Jacob,1973,5505 Brookview Ln,Upper Sandusky,OH,43351
24,Garrett E Stevenson,1992,,,,
25,Robert Brown,1994,4910 Lawshe Rd,Peebles,OH,45660
26,Wilma J Kahle,,9410 Ottawa Rd,Columbus Grove,OH,45830
27,Angela Hayslip,,,,,
28,Danielle Brodman,1995,8283 County Hwy 44,Upper Sandusky,OH,43351
29,Breanna M Baldridge,1995,611 1/2 E Findlay St,Carey,OH,43316
30,C Slusher,1994,734 Fairview Ave,Lima,OH,45804
31,Constance Giokaris,,,,,
32,Sandra Swick,1961,1779 Chandler Dr,Lima,OH,45805
33,Heath Moore,,21977 Sr 125,Blue Creek,OH,45616
34,Johnny Samples,,1500 E Market St,Lima,OH,45804
35,Pamela Walsh,1962,122 Mcarthur Street,West Union,OH,45693
36,Katherine M Inkrott,1990,103 S Main Street,Bluffton,OH,45817
37,S Fritter,,383 Johnson St W,Upper Sandusky,OH,43351
38,Mary L Early,,3426 Cremean Road,Elida,OH,45807
39,Michael R Hanjora,,14055 Allentown Rd,Spencerville,OH,45887
40,Linda Coppler,,850 Marseilles Ave,Upper Sandusky,OH,43351
41,Sandra L Grooms,1959,135 Columbia Street,Seaman,OH,45679
42,Bryan Blevins,,155 Charity Drive,West Union,OH,45693
43,Charles A Turner,1968,140 Rayborn Rd,Manchester,OH,45144
44,Robert Stechschulte,1980,462 Riverbend Drive,Bluffton,OH,45817
45,Katelyn G Sandlin,2000,27 E Eighth Street,Manchester,OH,45144
46,Abeni N White,2000,826 Mackenzie Drive,Lima,OH,45805
47,Brittney Claypool,,3060 Southworth Rd,Delphos,OH,45833
48,Sheena Young,1982,,,,
49,Elizabeth Richman,1961,425 Sandusky Ave S,Upper Sandusky,OH,43351
50,Haley Rode,2000,1320 Joshua St,Delphos,OH,45833
51,Audrey Case,1957,1545 Jones Road,Peebles,OH,45660
52,Craig A Binau,1984,6359 State Hwy 199,Carey,OH,43316
53,Brittany Hill,1988,632 Rice Drive,West Union,OH,45693
54,Tina Balduf,1958,308 Sandusky St W,Wharton,OH,43359
55,Gregory P Hartzler,1976,435 E College Ave,Bluffton,OH,45817
56,Brooke A Tolle,1993,65 Jeridan,West Union,OH,45693
57,Donna M Stilt,1965,230 Spruce Ln,West Union,OH,45693
58,Shannon Miller,1981,500 Highland Pkwy,Upper Sandusky,OH,43351
59,Jacqueline Degen,1962,422 S Broadway Street,Spencerville,OH,45887
60,Michaela L Cook,1996,302 Sycamore Ave N,Sycamore,OH,44882
61,M Kieffer,,15513 Township Hwy 87,Forest,OH,45843
62,D Workman,,,,,
63,S Torres,,18126 Sr 247,Seaman,OH,45679
64,Mark Kendall,,7494 Eckmansville Road,Winchester,OH,45697
65,C Plaugher,1983,1713 Lancewood Pl,Lima,OH,45805
66,B A Deskins,1939,18888 Sr 41,West Union,OH,45693
67,A Carrier,,9474 Sr 247,West Union,OH,45693
68,Ryan M Butterfield,1981,5370 Harding Hwy,Lima,OH,45804
69,Anthony W Estes,1960,405 W Sixth St,Manchester,OH,45144
70,Taylor T Lake,,1049 Warpole St N,Upper Sandusky,OH,43351
71,Cheryl A Campbell,,538 Dolly Ave,Upper Sandusky,OH,43351
72,Coleman Clark,1952,609 S Wapak Road,Elida,OH,45807
73,Amanda Craig,1986,5224 Norfolk Street,Lima,OH,45806
74,Lori A Schmidt,1962,,,,
75,Donna J Stout,,630 Stout Road,Winchester,OH,45697
76,Elaine Watson,1938,600 Sunset Drive,Upper Sandusky,OH,43351
77,Stacy Jacoby,,233 South St E,Carey,OH,43316
78,Brittney Smith,,900 Cemetery Ave,Manchester,OH,45144
79,Derek Mabry,1993,187 State Hwy 53,Mccutchenville,OH,44844
80,Jonathan Peyton,,527 West St,Carey,OH,43316
81,Edith Whitley,1952,,,,
82,Rita Blake,,3009 Fawcett Rd,Peebles,OH,45660
83,Timothy L Jodrey,,22050 Sr 136,Winchester,OH,45697
84,Dawn E Sarver,,259 Magee Jones Rd,Peebles,OH,45660
85,Lisa Ellis,1964,7640 N Wapak Road,Elida,OH,45807
86,Phyllis A Reichenbach,,9988 N Dixie Hwy,Bluffton,OH,45817
87,Danyelle M Swartz,1976,1000 Cherry Fork Rd,Winchester,OH,45697
88,Jane L Rieser,1961,16633 County Hwy 113,Harpster,OH,43323
89,Robin Hanson,,19479 County Hwy 53,Forest,OH,45843
90,Alyssa Windau,,4351 Meadowlands Dr,Lima,OH,45805
91,Keith Conley,1974,124 Curt Road,Seaman,OH,45679
92,Sherri Manfredi,,73 Walnut St,Peebles,OH,45660
93,Thomas C Thorp,1985,107 Balliet Street,Nevada,OH,44849
94,M Chester,1982,3371 County Hwy 16 P O Box 233,Sycamore,OH,44882
95,Jann E Gottfried,,360 Rosemont Dr,Upper Sandusky,OH,43351
96,Blanton,,73 Central Ave,Peebles,OH,45660
97,Andrew M Hyatt,,756 Shaker Run Rd,Peebles,OH,45660
98,K E Sheeley,,7672 Sr 125,West Union,OH,45693
99,J A Wright,,3897 Neely Rd,Elida,OH,45807
100,Scott A Parr,1970,1821 Diller Rd,Elida,OH,45807
101,Robert W Scott,1957,1000 Eagle Creek Rd,West Union,OH,45693
102,Janet M Decker,,Po Box 367,Sycamore,OH,44882
103,J A Zink,,4706 Amaryllis Street,Elida,OH,45807
104,Teresa Raines,1961,2356 Fairview Rd,Seaman,OH,45679
105,Kristi Copas,,2737 Calvary Rd,Seaman,OH,45679
106,Douglas L Caldwell,,,,,
107,Angela Maddy,,432 Ira Gustin Road,Peebles,OH,45660
108,Datha B Pratt,1944,507 W Sixth Street,Manchester,OH,45144
109,James Robinette,,227 Seventh St S,Upper Sandusky,OH,43351
110,Mark A Carrington,1960,2424 Tater Ridge Rd,West Union,OH,45693
111,Bruce Griffin,1963,4435 County Hwy 134,Sycamore,OH,44882
112,Tierra Holland,1990,1019 W Wayne St,Lima,OH,45805
113,Christina Taylor,,,,,
114,Steven R Morgan,1971,2235 Sr 41,Manchester,OH,45144
115,Christopher M Kleman,1998,1669 E Lincoln Hwy,Elida,OH,45807
116,John F Reel,1966,700 Wheat Ridge Rd,West Union,OH,45693
117,Patricia L Young,,,,,
118,Terra Degasperis,1984,4776 Abnaki Trl,Lima,OH,45805
119,Mark Russell,1957,331 Sr 73,Peebles,OH,45660
120,Corey A Billings,,1201/2 Sycamore Ave S,Sycamore,OH,44882
121,Glenn Waters,1941,5552 Louisville Rd,Peebles,OH,45660
122,A L Upshaw,,650 S Dana Ave,Lima,OH,45804
123,Brian Brandt,1965,230 S Collett St,Lima,OH,45805
124,Kitzler,1959,211 High Street,Carey,OH,43316
125,Gloria Edwards Mathews,,871 Buck Run Road,Seaman,OH,45679
126,Virgil Lynch,,56 Graces Run Road,Winchester,OH,45697
127,Jill C Williams,1960,1184 S Union Street,Lima,OH,45804
128,Trenton M Price,,10340 Sr 136,West Union,OH,45693
129,Jennifer L Jones,1984,210 Cemetery Ave,Manchester,OH,45144
130,Quentin Howlett,1979,14875 Township Hwy 71,Upper Sandusky,OH,43351
131,Starlit Weisner,,19744 Us 52,Stout,OH,45684
132,Margaret R Lawrence,,500 Highland Pkwy,Upper Sandusky,OH,43351
133,Roy Willman,,135 Shaker Run Road,Peebles,OH,45660
134,Jason Paul,1972,300 E Eighth Street,Manchester,OH,45144
135,Howard Planck,1942,Po Box 414,Winchester,OH,45697
136,Theodore F Reinhart,1987,131 Patterson St N,Carey,OH,43316
137,Robert E Kimbrough,1966,1214 Lakewood Ave,Lima,OH,45805
138,Marilyn Mcpheron,,4812 Willow St,Elida,OH,45807
139,Valerie C Post,1980,,,,
140,Tasha Risner,1996,638 Cedar Hill Drive,Blue Creek,OH,45616
141,Roberta C Higgins,,620 S Elizabeth Street,Lima,OH,45804
142,C Bess,1944,6150 Township Hwy 65,Harpster,OH,43323
143,Duran T Tyson,,,,,
144,Randall D Williams,1957,1743 N Eastown Road,Elida,OH,45807
145,Audrey Basford,1978,,,,
146,S M Jacobs,,326 Baxter St,Elida,OH,45807
147,Prany Chaiaree,1990,429 Frederick St,Carey,OH,43316
148,Jean Gustin,,19967 State Hwy  231,Nevada,OH,44849
149,Emily J Arredondo,1970,3524 County Hwy 97,Carey,OH,43316
150,Donna S Peterson,1975,,,,
151,Gabrielle M Stone,,441 Spring St,West Union,OH,45693
152,Kelly Moyer,,4900 Hummingbird Street,Elida,OH,45807
153,Susan K Hutchinson,1949,,,,
154,Kathryn E Joan,,403 Center Drive,Upper Sandusky,OH,43351
155,Melissa K Cotton,2000,301 Franklin St E,Wharton,OH,43359
156,Deborah L Green,,7535 Hillville Road,Bluffton,OH,45817
157,Paula King,,214 Walker St E,Upper Sandusky,OH,43351
158,Sharon Roy,,1657 Cabin Creek Road,Manchester,OH,45144
159,Jane R Boes,,101 Orchard Ln,Upper Sandusky,OH,43351
160,D Weininger,,5341 County Hwy 2,Mccutchenville,OH,44844
161,Emily Weaver,1997,770 Township Hwy 95,Carey,OH,43316
162,Aimee Fleck,,2240 Kunneke Ave,Lima,OH,45805
163,Jeffrey D Moore,1961,123 Eighth St N,Upper Sandusky,OH,43351
164,G F Avery,1954,1562 Northbrook Drive,Lima,OH,45805
165,Mark Dewitt,1968,466 Hazel St S,Upper Sandusky,OH,43351
166,Travis C Mcclintock,1992,1289 E State Rd,Lima,OH,45801
167,Kaye L Donovan,1956,,,,
168,Scott Sherrick,,,,,
169,Gary R Heckathorn,1947,221 Bigelow St W,Upper Sandusky,OH,43351
170,Randal Jones,,Po Box 256,Manchester,OH,45144
171,Margaret E Brinkman,1949,2001 Lyn Grove Dr,Lima,OH,45806
172,Belva A Hart,1950,56 W Cross Street,Winchester,OH,45697
173,Therena D Hooks,1959,718 E Elm Street,Lima,OH,45804
174,Robert Sherard,,524 Columbia Dr,Lima,OH,45805
175,C L Brownlow,,1157 Bay Cir,Lima,OH,45801
176,Nathaniel J Davidson,1984,220 South St E,Carey,OH,43316
177,Chase Goss,1977,332 S Pierce Street,Delphos,OH,45833
178,A Book,1989,405 Sycamore Ave S,Sycamore,OH,44882
179,Justen Johnson,,200 Saffel St W,Sycamore,OH,44882
180,Golden V Madden,,,,,
181,K W Anderson,1983,626 Country View Cir,Lima,OH,45801
182,Kavin Saenthavisouk,1958,223 Zanetta Ln,Carey,OH,43316
183,Ryan K Phillips,,4500 Township Hwy 95,Carey,OH,43316
184,Michael L Freed,1958,1670 Robin Hood Drive,Lima,OH,45805
185,William J Wynkoop,1955,219 Church St W,Upper Sandusky,OH,43351
186,Bobby Miller,1948,6996 Mineral Springs Rd,Peebles,OH,45660
187,N Cornell,1944,1655 Pro Dr,Lima,OH,45805
188,Kelly Lorenze,1975,500 Highland Pkwy,Upper Sandusky,OH,43351
189,Erik R Lehmkuhle,,2955 S Conant Rd,Spencerville,OH,45887
190,James Young,,420 Clikar Dr,Upper Sandusky,OH,43351
191,Cynthia J Diller Mueller,,165 W Kibler St,Bluffton,OH,45817
192,J Stewart,,209 Sandusky St W,Wharton,OH,43359
193,David H Haney,1961,306 Crabapple Drive,Carey,OH,43316
194,Emily Gift,1982,315 E Walnut St,West Union,OH,45693
195,Collin Hensley,,113 E Kibler St,Bluffton,OH,45817
196,Lucas Smith,,15035 State Hwy 67,Upper Sandusky,OH,43351
197,Jeffrey S Crow,,10681 Township Hwy 29 B,Carey,OH,43316
198,M Carter,1946,626 Yates Road,Manchester,OH,45144
199,Harold Nichols,1936,1590 Jacksonville Road,Peebles,OH,45660
200,Nathaniel Ulrich,1981,417 Seventh St N,Upper Sandusky,OH,43351
201,Christy D Drake,,165 Pond Lick Road,Seaman,OH,45679
202,Scott L Gilliam,1970,,,,
203,Stanton Sanders,,531 E Vine Street,Lima,OH,45804
204,Gooding,1997,1801 Milton Ave,Lima,OH,45805
205,J Perkins,1973,16895 County Hwy 86,Forest,OH,45843
206,Mary A Mckinney,,1199 S Kemp Road,Lima,OH,45806
207,Curtis Byers,1976,15025 Township Hwy 69,Upper Sandusky,OH,43351
208,John Corbin,,9296 County Hwy 91,Wharton,OH,43359
209,Courtney R Campbell,,986 Steam Furnace Rd,Peebles,OH,45660
210,Bryan E Swartz,,620 Sandusky Ave S,Upper Sandusky,OH,43351
211,Raydeena Mcfarland,,203 Mary Ln,West Union,OH,45693
212,Ronnie J Thompson,,217 Mcarthur St,West Union,OH,45693
213,Lana Ritter,1969,12370 State Hwy 103,Carey,OH,43316
214,Isaac Griffith,,179 Wendell Ave,Peebles,OH,45660
215,Taylor Gutierrez,,6000 Harding Hwy,Lima,OH,45801
216,Christopher Upshaw,,650 S Dana Ave,Lima,OH,45804
217,Jquan Aiken Wright,,728 N Elizabeth St,Lima,OH,45801
218,Ricky Cole,,5422 Township Hwy 11,Sycamore,OH,44882
219,Rowe,1950,1311-1/2 W Spring St,Lima,OH,45805
220,Dan L Shoemaker,1976,618 W Eureka Street,Lima,OH,45801
221,Linda J Bils,1955,5452 Township Hwy 40,Upper Sandusky,OH,43351
222,Mikei A Martin,1973,290 Paul Copas Road,Winchester,OH,45697
223,Robert W Rife,1952,5001 County Hwy 107,Upper Sandusky,OH,43351
224,David Fox,,4609 Kerr Road,Lima,OH,45806
225,Donald W Rothwell,1962,1449 Mahogany Rd,Lynx,OH,45650
226,Tad Mitchell,,1369 Bentonville Road,West Union,OH,45693
227,Juanita Smart,1926,10500 Sr 770,Peebles,OH,45660
228,Jennifer Mefford,,29 Virginia St,Peebles,OH,45660
229,Anna Casto,1946,300 Highland Pkwy,Upper Sandusky,OH,43351
230,Diane Burton,1947,4920 S Dixie Hwy,Lima,OH,45806
231,Mary K Kill,1933,310 Elida Rd,Delphos,OH,45833
232,Tamara Schmidt,,15628 Township Hwy 42,Carey,OH,43316
233,Jordan Crowder,,637 E 5Th St,Lima,OH,45804
234,Thomas A Smyser,1957,3670 County Hwy 44,Upper Sandusky,OH,43351
235,Swartz,,13992 County Hwy 108,Upper Sandusky,OH,43351
236,Barbara A Peikutowski,1943,1187 Nace Corner Road,Latham,OH,45646
237,Ann M Brodman,1960,,,,
238,Martie Cruea,,3025 Wheat Ridge Rd,West Union,OH,45693
239,Heather G Keith,,2650 W Market Street,Lima,OH,45805
240,Arthur Thompson,1947,1210 S Union St,Lima,OH,45804
241,Charlene R Simpson,1961,736 N Metcalf Street,Lima,OH,45801
242,Seth Blankenship,1977,3179 Clayton Pike,Manchester,OH,45144
243,Jean Sadler,,4244 Schooler Road,Lima,OH,45806
244,Charlie Stiltner,1987,2685 Sr 73,Peebles,OH,45660
245,Hillary Hoop,,148 Vine Street,Peebles,OH,45660
246,Dakota A Wilson,,130 Wyandot Ave E,Upper Sandusky,OH,43351
247,Myles Linn,,719 Oak St,Lima,OH,45804
248,Donald Lawrence,,,,,
249,Seth Sheriff,1997,,,,
250,Tyler R Breitigam,1996,200 Cherry Blossom Ln,Carey,OH,43316
251,Jeremy P Cox,1971,,,,
252,Richard E Bolender,1946,,,,
253,Brett A Mosier,1971,1203 N Main Street,Delphos,OH,45833
254,Matthew Walter,1966,16244 Township Hwy 19,Carey,OH,43316
255,Stephanie K Ruvoldt,,708 Lewis Blvd,Lima,OH,45801
256,Haylie R Kauble,1997,213 Chief Street,Upper Sandusky,OH,43351
257,Elizabeth A Montgomery,1945,2791 County Hwy 59,Nevada,OH,44849
258,Amanda M Jackson,1979,1458 Jee Rd,Winchester,OH,45697
259,Linda S Konkle,,8988 State Hwy 53 N,Upper Sandusky,OH,43351
260,Karen S Kline,1945,330 Bigelow St W,Upper Sandusky,OH,43351
261,Corbin Knedler,,18395 Township Hwy 63,Forest,OH,45843
262,James Jones,1996,720-B Pond Lick Road,Seaman,OH,45679
263,Angela Swinehart,1970,4005 Bowdle Rd,Harrod,OH,45850
264,Carolyn M Ison,1942,93 Jose Drive,West Union,OH,45693
265,David W Stike,,201 Marble Furnace Road,Peebles,OH,45660
266,Fugett,1958,321 Redbud Ln,West Union,OH,45693
267,Danielle C Sampson,1967,,,,
268,Jocelyn D Wilson,1956,222 S Pierce St,Lima,OH,45801
269,K Jordan,,9073 Township Hwy 18,Carey,OH,43316
270,Sheila R Custer,1947,5276 Sharlene Drive,Elida,OH,45807
271,Leslie M Francis,1979,209 W Second St,Manchester,OH,45144
272,Todd Donnell,1969,212 Third St N,Upper Sandusky,OH,43351
273,M Owens,1997,4601 County Hwy 47,Upper Sandusky,OH,43351
274,Kaitlin Duff,,4114 Allentown Road,Elida,OH,45807
275,Brandie Plaugher,,655 Cortlandt Ave,Lima,OH,45801
276,Andrew M Freed,1992,1670 Robin Hood Dr,Lima,OH,45805
277,Amy Rhoden,,1845 Inlow Ave,Peebles,OH,45660
278,Todd Martin,,252 Spencer Hill Road,West Union,OH,45693
279,Cameron Cary,1962,,,,
280,Gayle F Breston,1976,2475 Kirkland Dr,Lima,OH,45801
281,Michael A Gatchell,1968,,,,
282,Susan Patterson,,104 Henry Street,Elida,OH,45807
283,Larry J Dicke,,2600 W Hume Rd,Lima,OH,45806
284,Courtney T Pettigrew,,2750 Sherwood Dr,Lima,OH,45805
285,Karen Castanien,1955,15745 County Hwy 113,Upper Sandusky,OH,43351
286,Diane E Coffey,1956,1695 Jo Jean Rd,Lima,OH,45806
287,Jean Hines,,1755 Shawnee Road,Lima,OH,45805
288,Jody Racheter,1967,519 Grove St,Carey,OH,43316
289,Denver Farley,1955,1117 Old Sr 32,Peebles,OH,45660
290,Rebecca L Mangus,1988,860 Beasley Fork Rd,West Union,OH,45693
291,Diana L Miller,1951,14557 Township Hwy 60,Upper Sandusky,OH,43351
292,Austin D Lewis,1998,606 Ward Road,Peebles,OH,45660
293,Mary Justice,1934,39 Roslin Drive,Peebles,OH,45660
294,Debora Roby,,2065 University Blvd,Lima,OH,45805
295,Jordan R Montgomery,,1368 Mccoy Rd,Peebles,OH,45660
296,James E Johnson,1969,310 Rice Drive,West Union,OH,45693
297,George A Boissonneault,,6355 Township Hwy 36,Sycamore,OH,44882
298,Lisa A Thompson,,510 Martin Run Road,Winchester,OH,45697
299,Tim A Cole,1959,3137 County Hwy 182,Nevada,OH,44849
300,Donald W Myers,1947,370 Maple Ave,Carey,OH,43316
